ID,敏感字符,"替换为	"
number,string,string
id,words,replace
,,
1,毛泽东,***
2,周恩来,***
3,刘少奇,***
4,朱德,***
5,彭德怀,***
6,林彪,***
7,刘伯承,***
8,陈毅,***
9,贺龙,***
10,聂荣臻,***
11,徐向前,***
12,罗荣桓,***
13,叶剑英,***
14,李大钊,***
15,陈独秀,***
16,孙中山,***
17,孙文,***
18,孙逸仙,***
19,邓小平,***
20,陈云,***
21,江泽民,***
22,李鹏,***
23,朱F基,***
24,李瑞环,***
25,尉健行,***
26,李岚清,***
27,胡锦涛,***
28,罗干,***
29,温家宝,***
30,吴邦国,***
31,曾庆红,***
32,贾庆林,***
33,黄菊,***
34,吴官正,***
35,李长春,***
36,吴仪,***
37,回良玉,***
38,曾培炎,***
39,周永康,***
40,曹刚川,***
41,唐家璇,***
42,华建敏,***
43,陈至立,***
44,陈良宇,***
45,张德江,***
46,张立昌,***
47,俞正声,***
48,王乐泉,***
49,刘云山,***
50,王刚,***
51,王兆国,***
52,刘淇,***
53,贺国强,***
54,郭伯雄,***
55,胡耀邦,***
56,李登辉,***
57,连战,***
58,陈水扁,***
59,宋楚瑜,***
60,吕秀莲,***
61,郁慕明,***
62,蒋介石,***
63,蒋中正,***
64,蒋经国,***
65,马英九,***
66,习近平,***
67,李克强,***
68,吴帮国,***
69,无帮国,***
70,无邦国,***
71,无帮过,***
72,瘟家宝,***
73,假庆林,***
74,甲庆林,***
75,假青林,***
76,离长春,***
77,习远平,***
78,袭近平,***
79,李磕墙,***
80,贺过墙,***
81,和锅枪,***
82,粥永康,***
83,轴永康,***
84,肘永康,***
85,周健康,***
86,粥健康,***
87,周小康,***
88,布什,***
89,布莱尔,***
90,小泉,***
91,纯一郎,***
92,萨马兰奇,***
93,安南,***
94,阿拉法特,***
95,普京,***
96,默克尔,***
97,克林顿,***
98,里根,***
99,尼克松,***
100,林肯,***
101,杜鲁门,***
102,赫鲁晓夫,***
103,列宁,***
104,斯大林,***
105,马克思,***
106,恩格斯,***
107,金正日,***
108,金日成,***
109,萨达姆,***
110,胡志明,***
111,西哈努克,***
112,希拉克,***
113,撒切尔,***
114,阿罗约,***
115,曼德拉,***
116,卡斯特罗,***
117,富兰克林,***
118,华盛顿,***
119,艾森豪威尔,***
120,拿破仑,***
121,亚历山大,***
122,路易,***
123,拉姆斯菲尔德,***
124,劳拉,***
125,鲍威尔,***
126,奥巴马,***
127,梅德韦杰夫,***
128,潘基文,***
129,本拉登,***
130,奥马尔,***
131,柴玲,***
132,达赖喇嘛,***
133,江青,***
134,张春桥,***
135,姚文元,***
136,王洪文,***
137,东条英机,***
138,希特勒,***
139,墨索里尼,***
140,冈村秀树,***
141,冈村宁次,***
142,高丽朴,***
143,赵紫阳,***
144,王丹,***
145,沃尔开西,***
146,李洪志,***
147,李大师,***
148,赖昌星,***
149,马加爵,***
150,班禅,***
151,额尔德尼,***
152,山本五十六,***
153,阿扁,***
154,阿扁万岁,***
155,热那亚,***
156,吴伯雄,***
157,苏贞昌,***
158,鲁迅,***
159,莎士比亚,***
160,爱因斯坦,***
161,牛顿,***
162,哥白尼,***
163,哥伦布,***
164,达芬奇,***
165,米开朗基罗,***
166,毕加索,***
167,梵高,***
168,海明威,***
169,斯蒂芬,***
170,霍金,***
171,六四,***
172,六四运动,***
173,美国之音,***
174,密宗,***
175,民国,***
176,民进党,***
177,民运,***
178,民主,***
179,民主潮,***
180,摩门教,***
181,纳粹,***
182,法西斯,***
183,南华早报,***
184,南蛮,***
185,明慧网,***
186,起义,***
187,亲民党,***
188,瘸腿帮,***
189,人民报,***
190,法轮功,***
191,法轮大法,***
192,打倒共产党,***
193,台独万岁,***
194,圣战,***
195,示威,***
196,台独,***
197,台独分子,***
198,台联,***
199,台湾民国,***
200,台湾岛国,***
201,台湾国,***
202,台湾独立,***
203,太子党,***
204,天安门事件,***
205,屠杀,***
206,新党,***
207,新疆独立,***
208,新疆分裂,***
209,新疆国,***
210,疆独,***
211,西藏独立,***
212,西藏分裂,***
213,西藏国,***
214,藏独,***
215,藏青会,***
216,藏妇会,***
217,高丽棒子,***
218,回回,***
219,学潮,***
220,学运,***
221,一党专政,***
222,一中一台,***
223,两个中国,***
224,一贯道,***
225,游行,***
226,圆满,***
227,造反,***
228,真善忍,***
229,镇压,***
230,政变,***
231,政治,***
232,政治反对派,***
233,政治犯,***
234,中共,***
235,共产党,***
236,反党,***
237,反共,***
238,政府,***
239,民主党,***
240,中国之春,***
241,转法轮,***
242,自焚,***
243,共党,***
244,共匪,***
245,苏家屯,***
246,基地组织,***
247,塔利班,***
248,东亚病夫,***
249,支那,***
250,高治联,***
251,高自联,***
252,专政,***
253,专制,***
254,多党,***
255,核工业基地,***
256,核武器,***
257,铀,***
258,原子弹,***
259,氢弹,***
260,导弹,***
261,核潜艇,***
262,大参考,***
263,小参考,***
264,国内动态清样,***
265,道教,***
266,多维,***
267,佛教,***
268,佛祖,***
269,释迦牟尼,***
270,如来,***
271,阿弥陀佛,***
272,观世音,***
273,普贤,***
274,文殊,***
275,地藏,***
276,河殇,***
277,回教,***
278,穆罕默德,***
279,穆斯林,***
280,升天,***
281,圣母,***
282,耶和华,***
283,耶稣,***
284,伊斯兰,***
285,真主安拉,***
286,白莲教,***
287,天主教,***
288,基督教,***
289,东正教,***
290,大法,***
291,法轮,***
292,真理教,***
293,走向圆满,***
294,黄大仙,***
295,风水,***
296,跳大神,***
297,神汉,***
298,神婆,***
299,大卫教,***
300,阎王,***
301,黑白无常,***
302,牛头马面,***
303,蒙古鞑子,***
304,老毛子,***
305,回民吃猪肉,***
306,谋杀,***
307,杀人,***
308,吸毒,***
309,贩毒,***
310,赌博,***
311,拐卖,***
312,走私,***
313,卖淫,***
314,监狱,***
315,强奸,***
316,轮奸,***
317,抢劫,***
318,先奸后杀,***
319,下注,***
320,押大,***
321,押小,***
322,抽头,***
323,坐庄,***
324,赌马,***
325,赌球,***
326,筹码,***
327,老虎机,***
328,轮盘赌,***
329,安非他命,***
330,大麻,***
331,可卡因,***
332,海洛因,***
333,冰毒,***
334,摇头丸,***
335,杜冷丁,***
336,鸦片,***
337,罂粟,***
338,迷幻药,***
339,白粉,***
340,嗑药,***
341,AIDS,***
342,DICK,***
343,penis,***
344,sex,***
345,SM,***
346,屙,***
347,爱滋,***
348,淋病,***
349,梅毒,***
350,爱液,***
351,,***
352,逼,***
353,臭机八,***
354,臭鸡巴,***
355,吹喇叭,***
356,吹箫,***
357,催情药,***
358,,***
359,肛交,***
360,肛门,***
361,龟头,***
362,黄色,***
363,机八,***
364,机巴,***
365,鸡八,***
366,鸡巴,***
367,机掰,***
368,鸡叭,***
369,鸡鸡,***
370,鸡掰,***
371,鸡奸,***
372,妓女,***
373,奸,***
374,茎,***
375,精液,***
376,精子,***
377,尻,***
378,口交,***
379,滥交,***
380,乱交,***
381,屁眼,***
382,嫖娼,***
383,强奸犯,***
384,情色,***
385,肉棒,***
386,乳房,***
387,乳峰,***
388,乳交,***
389,乳头,***
390,乳晕,***
391,三陪,***
392,色情,***
393,射精,***
394,手淫,***
395,威而钢,***
396,威而柔,***
397,伟哥,***
398,性高潮,***
399,性交,***
400,性虐,***
401,性欲,***
402,穴,***
403,颜射,***
404,阳物,***
405,一夜情,***
406,阴部,***
407,阴唇,***
408,阴道,***
409,阴蒂,***
410,阴核,***
411,阴户,***
412,阴茎,***
413,阴门,***
414,淫,***
415,淫秽,***
416,淫乱,***
417,淫水,***
418,淫娃,***
419,淫液,***
420,淫汁,***
421,淫穴,***
422,淫洞,***
423,援交妹,***
424,做爱,***
425,梦遗,***
426,阳痿,***
427,早泄,***
428,奸淫,***
429,蛋疼，扯蛋,***
430,Bitch,***
431,bt,***
432,cao,***
433,FUCK,***
434,kao,***
435,NMD,***
436,NND,***
437,sb,***
438,shit,***
439,SUCK,***
440,tmd,***
441,tnnd,***
442,K他命,***
443,白痴,***
444,笨蛋,***
445,变态,***
446,婊子,***
447,操,***
448,操她妈,***
449,操妈,***
450,操你,***
451,操你妈,***
452,操他妈,***
453,草你,***
454,H,***
455,册那,***
456,侧那,***
457,测拿,***
458,插,***
459,蠢猪,***
460,荡妇,***
461,发骚,***
462,废物,***
463,干她妈,***
464,干,***
465,干娘,***
466,干你,***
467,干你妈,***
468,干你妈B,***
469,干你妈逼,***
470,干你娘,***
471,干他妈,***
472,狗娘养的,***
473,滚,***
474,贱货,***
475,贱人,***
476,靠,***
477,烂人,***
478,老母,***
479,老土,***
480,妈比,***
481,妈的,***
482,马的,***
483,老母的,***
484,娘的,***
485,你妈逼,***
486,破鞋,***
487,仆街,***
488,去她妈,***
489,去的,***
490,去妈,***
491,去你的,***
492,去你妈,***
493,去死,***
494,去他妈,***
495,日,***
496,日你,***
497,赛她娘,***
498,赛娘,***
499,赛你娘,***
500,赛他娘,***
501,骚货,***
502,傻B,***
503,傻比,***
504,傻子,***
505,上,***
506,上你,***
507,神经病,***
508,屎,***
509,屎娘,***
510,屎你娘,***
511,他妈的,***
512,王八蛋,***
513,我操,***
514,我日,***
515,乡巴佬,***
516,猪猡,***
517,干,***
518,尿,***
519,,***
520,骑你,***
521,湿了,***
522,操他,***
523,操她,***
524,骑他,***
525,骑她,***
526,欠骑,***
527,欠人骑,***
528,来爽我,***
529,来插我,***
530,干他,***
531,干她,***
532,干死,***
533,干爆,***
534,干机,***
535,机叭,***
536,臭鸡,***
537,臭机,***
538,烂鸟,***
539,览叫,***
540,阳具,***
541,肉壶,***
542,奶子,***
543,摸咪咪,***
544,BLOW,***
545,JOB,***
546,KISS,***
547,MY,***
548,ASS,***
549,干鸡,***
550,干入,***
551,小穴,***
552,插你,***
553,爽你,***
554,干干,***
555,干X,***
556,他干,***
557,干它,***
558,干,***
559,干您,***
560,干汝,***
561,干林,***
562,操林,***
563,干尼,***
564,操尼,***
565,我咧干,***
566,干勒,***
567,干我,***
568,干到,***
569,干啦,***
570,干爽,***
571,欠干,***
572,狗干,***
573,我干,***
574,来干,***
575,轮干,***
576,轮流干,***
577,干一干,***
578,援交,***
579,奸暴,***
580,再奸,***
581,我奸,***
582,奸你,***
583,奸他,***
584,奸她,***
585,奸一奸,***
586,淫湿,***
587,鸡歪,***
588,臭西,***
589,吊,***
590,遗精,***
591,烂逼,***
592,大血比,***
593,叼你妈,***
594,靠你妈,***
595,戳你,***
596,逼你老母,***
597,挨球,***
598,我日你,***
599,草拟妈,***
600,卖逼,***
601,狗操卖逼,***
602,日死,***
603,奶娘,***
604,他娘,***
605,她娘,***
606,骚B,***
607,你妈了妹,***
608,逼毛,***
609,插你妈,***
610,叼你,***
611,渣波波,***
612,嫩b,***
613,日B,***
614,开房,***
615,暖床,***
616,老湿,***
617,weelaa,***
618,缔顺,***
619,帝顺,***
620,蒂顺,***
621,系统消息,***
622,午夜,***
623,看下,***
624,草泥马,***
625,法克鱿,***
626,雅蠛蝶,***
627,潜烈蟹,***
628,菊花蚕,***
629,尾申鲸,***
630,吉跋猫,***
631,搞栗棒,***
632,吟稻雁,***
633,达菲鸡,***
634,ML,***
635,3P,***
636,群P,***
637,马勒戈壁,***
638,双飞,***
639,换妻,***
640,ADMIN,***
641,xtl,***
642,system,***
643,Administrator,***
644,管理,***
645,管里,***
646,管理员,***
647,服务管理,***
648,服务器,***
649,活动管理员,***
650,官方,***
651,维护,***
652,系统,***
653,系统公告,***
654,审查,***
655,巡查,***
656,监督,***
657,监管,***
658,game,***
659,master,***
660,GAMEMASTER,***
661,GM,***
662,游戏管理员,***
663,Client,***
664,Server,***
665,CS,***
666,KEFU,***
667,助理,***
668,客户服务,***
669,客服,***
670,服务天使,***
671,奖品,***
672,兑奖,***
673,中奖,***
674,领奖,***
675,TEsT,***
676,测试,***
677,辅助程序,***
678,运营,***
679,运营者,***
680,运营组,***
681,运营商,***
682,运营长,***
683,运营官,***
684,运营人,***
685,sf,***
686,私服,***
687,私人服务器,***
688,wg,***
689,外挂,***
690,&,***
691,ㄅ,***
692,ㄆ,***
693,ㄇ,***
694,ㄈ,***
695,ㄉ,***
696,ㄊ,***
697,ㄋ,***
698,ㄌ,***
699,ㄍ,***
700,ㄎ,***
701,ㄏ,***
702,ㄐ,***
703,ㄑ,***
704,ㄒ,***
705,ㄓ,***
706,ㄔ,***
707,ㄕ,***
708,ㄖ,***
709,ㄗ,***
710,ㄘ,***
711,ㄙ,***
712,ㄚ,***
713,ㄛ,***
714,ㄜ,***
715,ㄝ,***
716,ㄞ,***
717,ㄟ,***
718,ㄠ,***
719,ㄡ,***
720,ㄢ,***
721,ㄣ,***
722,ㄤ,***
723,ㄥ,***
724,ㄦ,***
725,ㄧ,***
726,ㄨ,***
727,ㄩ,***
728,鞴,***
729,鐾,***
730,瘭,***
731,镳,***
732,黪,***
733,瘥,***
734,觇,***
735,孱,***
736,廛,***
737,蒇,***
738,冁,***
739,羼,***
740,螭,***
741,傺,***
742,瘛,***
743,舂,***
744,艟,***
745,瘳,***
746,雠,***
747,搋,***
748,嘬,***
749,辏,***
750,殂,***
751,汆,***
752,爨,***
753,榱,***
754,毳,***
755,皴,***
756,蹉,***
757,鹾,***
758,纛,***
759,髑屙民,***
760,莪,***
761,苊,***
762,鲕,***
763,鲼,***
764,瀵,***
765,酆,***
766,幞,***
767,黻,***
768,呒,***
769,黼,***
770,阝,***
771,阝月,***
772,彀,***
773,觏,***
774,毂,***
775,汩,***
776,罟,***
777,嘏,***
778,鲴,***
779,宄,***
780,庋,***
781,刿,***
782,虢,***
783,馘,***
784,撖,***
785,夯,***
786,薅,***
787,曷,***
788,翮,***
789,觳,***
790,冱,***
791,怙,***
792,戽,***
793,祜,***
794,瓠,***
795,鹱,***
796,溷,***
797,耠,***
798,锪,***
799,劐,***
800,蠖,***
801,丌,***
802,乩,***
803,赍,***
804,殛,***
805,蕺,***
806,掎,***
807,彐,***
808,芰,***
809,跽,***
810,鲚,***
811,葭,***
812,恝,***
813,湔,***
814,搛,***
815,鲣,***
816,鞯,***
817,囝,***
818,趼,***
819,醮,***
820,疖,***
821,苣,***
822,屦,***
823,醵,***
824,蠲,***
825,桊,***
826,鄄,***
827,谲,***
828,爝,***
829,麇,***
830,贶,***
831,悝,***
832,喟,***
833,仂,***
834,泐,***
835,鳓,***
836,诔,***
837,酹,***
838,嫠,***
839,黧,***
840,蠡,***
841,醴,***
842,鳢,***
843,轹,***
844,詈,***
845,跞,***
846,奁,***
847,臁,***
848,蚍,***
849,埤,***
850,罴,***
851,鼙,***
852,庀,***
853,仳,***
854,圮,***
855,綦,***
856,屺,***
857,綮,***
858,汔,***
859,碛,***
860,葜,***
861,佥,***
862,岍,***
863,愆,***
864,搴,***
865,钤,***
866,掮,***
867,凵,***
868,肷,***
869,椠,***
870,戕,***
871,锖,***
872,檠,***
873,苘,***
874,謦,***
875,庆红,***
876,跫,***
877,銎,***
878,邛,***
879,筇,***
880,蛩,***
881,鼽,***
882,诎,***
883,麴,***
884,黢,***
885,劬,***
886,朐,***
887,璩,***
888,蘧,***
889,衢,***
890,蠼,***
891,毵,***
892,糁,***
893,dishun,***
894,16大,***
895,18摸,***
896,21世纪中国基金会,***
897,6-4tianwang,***
898,89-64cdjp,***
899,Aiort墓地,***
900,ai滋,***
901,Arqus会议场,***
902,asshole,***
903,Atan的移动石,***
904,A片,***
905,Baichi,***
906,Baopi,***
907,Bao皮,***
908,bastard,***
909,Bc,***
910,biaozi,***
911,Biao子,***
912,bignews,***
913,Bi样,***
914,BLOWJOB,***
915,boxun,***
916,B样,***
917,caoB,***
918,caobi,***
919,cao你,***
920,cao你妈,***
921,cao你大爷,***
922,cha你,***
923,chinaliberal,***
924,chinamz,***
925,chinesenewsnet,***
926,Clockgemstone,***
927,cnd,***
928,creaders,***
929,Crestbone,***
930,dafa,***
931,dajiyuan,***
932,damn,***
933,dfdz,***
934,dpp,***
935,EVENT,***
936,falu,***
937,falun,***
938,falundafa,***
939,fa轮,***
940,Feelmistone,***
941,Fku,***
942,FLG,***
943,freechina,***
944,freedom,***
945,freenet,***
946,gan你,***
947,GCD,***
948,Gruepin,***
949,HACKING,***
950,hongzhi,***
951,hrichina,***
952,http,***
953,huanet,***
954,hypermart.net,***
955,incest,***
956,item,***
957,J8,***
958,JB,***
959,jiangdongriji,***
960,jian你,***
961,jiaochuang,***
962,jiaochun,***
963,jiba,***
964,jinv,***
965,Ji女,***
966,KISSMYASS,***
967,lihongzhi,***
968,Mai骚,***
969,making,***
970,minghui,***
971,minghuinews,***
972,nacb,***
973,naive,***
974,Neckromancer,***
975,nmis,***
976,paper64,***
977,peacehall,***
978,playboy,***
979,pussy,***
980,qiangjian,***
981,Rape,***
982,renminbao,***
983,renmingbao,***
984,rfa,***
985,safeweb,***
986,saobi,***
987,simple,***
988,sucker,***
989,svdc,***
990,taip,***
991,The9,***
992,The9City,***
993,tibetalk,***
994,triangle,***
995,triangleboy,***
996,Tringel,***
997,UltraSurf,***
998,unixbox,***
999,ustibet,***
1000,voa,***
1001,voachinese,***
1002,wangce,***
1003,WEBZEN,***
1004,wstaiji,***
1005,xinsheng,***
1006,yuming,***
1007,zhengjian,***
1008,zhengjianwang,***
1009,zhenshanren,***
1010,zhuanfalunADMIN,***
1011,CC小雪,***
1012,K,***
1013,J,***
1014,L,***
1015,WWW,***
1016,WWW.,***
1017,ZHUANFALUN,***
1018,周恩,***
1019,碡,***
1020,籀,***
1021,朱E,***
1022,朱狨基,***
1023,朱容基,***
1024,朱溶剂,***
1025,朱熔基,***
1026,邾,***
1027,猪操,***
1028,猪聋畸,***
1029,猪毛,***
1030,猪毛1,***
1031,舳,***
1032,瘃,***
1033,躅,***
1034,翥,***
1035,Ｕ,***
1036,颛,***
1037,丬,***
1038,隹,***
1039,窀,***
1040,卓伯源,***
1041,倬,***
1042,斫,***
1043,诼,***
1044,髭,***
1045,鲻,***
1046,子宫,***
1047,秭,***
1048,訾,***
1049,自民党,***
1050,自慰,***
1051,自已的故事,***
1052,自由民主论坛,***
1053,总理,***
1054,偬,***
1055,诹,***
1056,陬,***
1057,鄹,***
1058,鲰,***
1059,躜,***
1060,缵,***
1061,作爱,***
1062,作秀,***
1063,阼,***
1064,祚,***
1065,阿扁fq,***
1066,阿R娜,***
1067,啊o卵,***
1068,埃Y克K特勤,***
1069,埃斯f,***
1070,艾z,***
1071,圩,***
1072,圩滩,***
1073,,***
1074,暗黑法,***
1075,S,***
1076,W克拉,***
1077,W拉德,***
1078,W利弗,***
1079,W奇,***
1080,W,***
1081,W特m,***
1082,㈧,***
1083,巴侍,***
1084,巴坦,***
1085,白立,***
1086,白,***
1087,白皮,***
1088,班U,***
1089,石商人,***
1090,保,***
1091,U戈,***
1092,U彤,***
1093,U伊,***
1094,暴L亡`,***
1095,暴y,***
1096,暴岬鹗,***
1097,暴躁的城塔野F,***
1098,暴躁的警l兵`魂,***
1099,暴躁的R杜克,***
1100,北大三角地,***
1101,北n,***
1102,北京局,***
1103,北美自由,***
1104,尤,***
1105,x,***
1106,逼,***
1107,比,***
1108,,***
1109,R,***
1110,s,***
1111,婊子B的,***
1112,e周,***
1113,冰後,***
1114,博,***
1115,不绲弁,***
1116,不爽不要X,***
1117,布R,***
1118,布雷,***
1119,蔡崇,***
1120,蔡芳,***
1121,o,***
1122,操,***
1123,操那B,***
1124,操那岜,***
1125,操那岜,***
1126,操你,***
1127,操你,***
1128,曹L青,***
1129,曹川,***
1130,草,***
1131,草你,***
1132,草M,***
1133,册那娘I比,***
1134,插那B,***
1135,插那岜,***
1136,插那岜,***
1137,插你,***
1138,插你,***
1139,,***
1140,r,***
1141,,***
1142,,***
1143,L官沙塔特,***
1144,常,***
1145,朝r,***
1146,,***
1147,雠,***
1148,沉睡Dv,***
1149,炳基,***
1150,博志,***
1151,定南,***
1152,建,***
1153,景俊,***
1154,菊,***
1155,,***
1156,良宇,***
1157,蒙,***
1158,破空,***
1159,水扁,***
1160,唐山,***
1161,希同,***
1162,小同,***
1163,宣良,***
1164,W},***
1165,一J,***
1166,y,***
1167,R,***
1168,Z,***
1169,,***
1170,,***
1171,程P,***
1172,程F,***
1173,|,***
1174,痴F,***
1175,痴拈,***
1176,tg的Dv,***
1177,持不同政,***
1178,赤色T士,***
1179,赤色鹗,***
1180,女膜,***
1181,魅拘圆,***
1182,吹,***
1183,春夏自由,***
1184,戳那B,***
1185,戳那岜,***
1186,戳那岜,***
1187,,***
1188,z,***
1189,eB,***
1190,e逼,***
1191,e比,***
1192,e那B,***
1193,e那岜,***
1194,e那岜,***
1195,_夫警l兵,***
1196,_夫侍,***
1197,_],***
1198,打wC,***
1199,大⒖,***
1200,大|,***
1201,大|共s,***
1202,大巴,***
1203,大o元,***
1204,大o元新W,***
1205,大o@,***
1206,大家,***
1207,大奶,***
1208,大史,***
1209,大史o,***
1210,大l教,***
1211,大中,***
1212,大中A,***
1213,大\真人真事,***
1214,H,***
1215,戴S教,***
1216,戴相,***
1217,劾,***
1218,,***
1219,D,***
1220,,***
1221,I`犯,***
1222,德S,***
1223,登x,***
1224,笑,***
1225,e,***
1226,迪Y夏提,***
1227,],***
1228,地下教,***
1229,帝主x,***
1230,流氓,***
1231,叼你,***
1232,~u,***
1233,丁P根,***
1234,|北立,***
1235,|部地下水路,***
1236,|方tr空,***
1237,|方r空,***
1238,|南西北,***
1239,|社,***
1240,|升,***
1241,|l,***
1242,|l英C,***
1243,|突暴,***
1244,|突立,***
1245,|土耳其斯坦,***
1246,|西南北,***
1247,|,***
1248,|院看守,***
1249,y,***
1250,Y士哈夫拉K,***
1251,Y士霍克,***
1252,裁,***
1253,裁政治,***
1254,夫,***
1255,立_,***
1256,俄,***
1257,b,***
1258,㈡,***
1259,l楞,***
1260,l,***
1261,l喙,***
1262,l,***
1263,l功,***
1264,l,***
1265,l,***
1266,l公,***
1267,l功,***
1268,l},***
1269,l正念,***
1270,法~,***
1271,法~S,***
1272,法~],***
1273,法~,***
1274,法~,***
1275,法卡,***
1276,法,***
1277,法喙,***
1278,法,***
1279,法S,***
1280,法],***
1281,法大法,***
1282,法功,***
1283,法十十功,***
1284,法,***
1285,法功,***
1286,反封i,***
1287,反封i技g,***
1288,反腐≌,***
1289,反人,***
1290,反社,***
1291,方钪,***
1292,防l指]官,***
1293,放,***
1294,wP,***
1295,U墟守o者,***
1296,M泰,***
1297,M良勇,***
1298,分L施蒂文,***
1299,粉太平,***
1300,S便,***
1301,a,***
1302,S的果,***
1303,L雨神州,***
1304,L雨神州,***
1305,封牡,***
1306,封,***
1307,封印的`魂T士,***
1308,T|海,***
1309,T素英,***
1310,,***
1311,L,***
1312,`,***
1313,傅作x,***
1314,bi,***
1315,直,***
1316,直,***
1317,值哪,***
1318,,***
1319,炙,***
1320,帜,***
1321,帜憷媳,***
1322,帜憷夏,***
1323,帜隳,***
1324,秩家,***
1325,炙,***
1326,炙滥,***
1327,炙,***
1328,忠患,***
1329,s你娘,***
1330,n,***
1331,比,***
1332,比幼,***
1333,哨士兵,***
1334,肛T,***
1335,高棒子,***
1336,高文t,***
1337,高薪B廉,***
1338,高自,***
1339,膏旗,***
1340,戈瑞德,***
1341,戈P,***
1342,派,***
1343,歌功德,***
1344,格雷(P卡排名管理者),***
1345,格,***
1346,格(城移),***
1347,,***
1348,工自,***
1349,弓m,***
1350,共b,***
1351,共bh,***
1352,共b主x,***
1353,共h,***
1354,共,***
1355,共s圈,***
1356,,***
1357,狗\,***
1358,狗狼B的,***
1359,狗娘B的,***
1360,狗B,***
1361,狗sN,***
1362,M,***
1363,,***
1364,古祭,***
1365,骨{,***
1366,A,***
1367,,***
1368,,***
1369,P卓中,***
1370,通O法,***
1371,V,***
1372,,***
1373,鹤,***
1374,公,***
1375,O子,***
1376,^,***
1377,投,***
1378,,***
1379,i,***
1380,L那,***
1381,L那B,***
1382,L那徨e比,***
1383,L那崂媳,***
1384,L那嵛帘,***
1385,,***
1386,J,***
1387,郭俊,***
1388,郭_基,***
1389,郭岩A,***
1390,家安全,***
1391,家C密,***
1392,,***
1393,\,***
1394,哈_尼,***
1395,,***
1396,n|方,***
1397,n潮,***
1398,n正,***
1399,h奸,***
1400,,***
1401,,***
1402,河,***
1403,R强,***
1404,R,***
1405,黑社,***
1406,黑手h,***
1407,t^,***
1408,t色恐怖,***
1409,t炎猛F,***
1410,洪,***
1411,洪d,***
1412,洪哲,***
1413,Z,***
1414,c,***
1415,胡o掏,***
1416,胡\滔,***
1417,胡\淘,***
1418,胡景,***
1419,胡棠,***
1420,胡,***
1421,湖岸ol兵,***
1422,湖岸警l兵,***
1423,湖岸哨兵L,***
1424,o法,***
1425,I,***
1426,A建敏,***
1427,A通r事,***
1428,A夏文摘,***
1429,AZ世界,***
1430,A岳r事,***
1431,烟,***
1432,D,***
1433,皇,***
1434,S伯源,***
1435,S慈萍,***
1436,S,***
1437,Sx,***
1438,S金幼,***
1439,S菊,***
1440,S片,***
1441,S翔,***
1442,Sx交,***
1443,S仲生,***
1444,回民暴,***
1445,,***
1446,D,***
1447,绮奖,***
1448,珧T士,***
1449,缟涫,***
1450,昏迷Dv,***
1451,混y的Dv,***
1452,x,***
1453,活,***
1454,舻Dv,***
1455,的Dv,***
1456,8,***
1457,八,***
1458,巴,***
1459,吧,***
1460,,***
1461,奸,***
1462,毛信文R,***
1463,女,***
1464,院,***
1465,姬俚,***
1466,e克^,***
1467,},***
1468,q,***
1469,Z廷安,***
1470,Z育台,***
1471,,***
1472,O塔,***
1473,O塔哨兵,***
1474,O塔哨兵L,***
1475,,***
1476,d,***
1477,肇,***
1478,建h,***
1479,vB,***
1480,vbi,***
1481,v逼,***
1482,v比,***
1483,v,***
1484,v人,***
1485,vN,***
1486,江八c,***
1487,江_,***
1488,江d恒,***
1489,江蜃,***
1490,江t民,***
1491,江苫,***
1492,江\,***
1493,江\民,***
1494,K春,***
1495,t民,***
1496,僵\,***
1497,僵\民,***
1498,v法,***
1499,Y介石,***
1500,Y中正,***
1501,降低命中的Dv,***
1502,u猪媳,***
1503,,***
1504,狡猾的_夫,***
1505,C健的R努,***
1506,,***
1507,教B院,***
1508,X,***
1509,揭批,***
1510,,***
1511,她,***
1512,届中央政治局委T,***
1513,金不倒,***
1514,金蛉,***
1515,金沙,***
1516,,***
1517,\,***
1518,文,***
1519,血,***
1520,o候佳,***
1521,G棘ol兵,***
1522,靖神社,***
1523,㈨,***
1524,f斗篷哨兵,***
1525,e,***
1526,巨槌T兵,***
1527,巨F角哈克,***
1528,X通道被z弃的骷t,***
1529,X通道骷t,***
1530,,***
1531,,***
1532,^望之地,***
1533,H,***
1534,妓,***
1535,_苞,***
1536,_放s志,***
1537,PW勒尼什,***
1538,P本,***
1539,P雷斯,***
1540,P特切,***
1541,砍翻一l街,***
1542,看中,***
1543,R,***
1544,靠你,***
1545,柯n海,***
1546,柯建,***
1547,科R,***
1548,克R恩,***
1549,克R特,***
1550,克谏,***
1551,客舴,***
1552,~,***
1553,空饩`,***
1554,空的伊坤,***
1555,空之地,***
1556,恐怖主x,***
1557,g,***
1558,,***
1559,\文,***
1560,L,***
1561,昆D,***
1562,拉姆斯菲德,***
1563,拉皮l,***
1564,R特,***
1565,士葆,***
1566,m迪,***
1567,B,***
1568,逼,***
1569,比,***
1570,袋,***
1571,,***
1572,EB,***
1573,E逼,***
1574,E比,***
1575,E,***
1576,E交,***
1577,咏甜B所,***
1578,诟,***
1579,诮,***
1580,,***
1581,雷尼,***
1582,C,***
1583,李t痔,***
1584,李洪,***
1585,李^耐,***
1586,李m菊,***
1587,李老,***
1588,李,***
1589,李,***
1590,李c安,***
1591,李cA,***
1592,李淑,***
1593,李F映,***
1594,李旺,***
1595,李小i,***
1596,李月月B,***
1597,李志,***
1598,李理,***
1599,李y,***
1600,Y菲斯,***
1601,k,***
1602,],***
1603,V,***
1604,Y,***
1605,B方r,***
1606,B惠心,***
1607,B俚,***
1608,B傥,***
1609,B,***
1610,,***
1611,廉政大,***
1612,功,***
1613,砂蛾PS,***
1614,砂度地,***
1615,中,***
1616,,***
1617,蟮,***
1618,新,***
1619,廖a,***
1620,林保A,***
1621,林L盛,***
1622,林佳,***
1623,林信x,***
1624,林正,***
1625,林重,***
1626,k,***
1627,Rh,***
1628,①e深,***
1629,①e雁,***
1630,,***
1631,P,***
1632,⑷A清,***
1633,⒖,***
1634,P中,***
1635,⑶石,***
1636,⑶,***
1637,⑸角,***
1638,⑹抠t,***
1639,⑽,***
1640,⑽男,***
1641,圆,***
1642,灾,***
1643,⒂来,***
1644,㈥,***
1645,w,***
1646,虎豹,***
1647,火之心,***
1648,R卡,***
1649,R西德,***
1650,委,***
1651,`,***
1652,尉┗,***
1653,涡闵,***
1654,y交,***
1655,y,***
1656,y,***
1657,s,***
1658,喙,***
1659,功,***
1660,大,***
1661,功,***
1662,奸,***
1663,管理T,***
1664,_福助,***
1665,_,***
1666,_Y,***
1667,_文嘉,***
1668,_志明,***
1669,T,***
1670,T,***
1671,洛克菲特,***
1672,B,***
1673,比,***
1674,的,***
1675,批,***
1676,R大S,***
1677,R克思,***
1678,R良E,***
1679,R三家,***
1680,Rr敏,***
1681,R特斯,***
1682,R英九,***
1683,R永成,***
1684,,***
1685,雅,***
1686,岬,***
1687,岱,***
1688,,***
1689,克斯,***
1690,u逼,***
1691,u比,***
1692,u,***
1693,u},***
1694,u淫,***
1695,m,***
1696,毛洞,***
1697,毛\,***
1698,毛\|,***
1699,美,***
1700,美⒖,***
1701,美佬,***
1702,美之音,***
1703,蒙,***
1704,蒙古_子,***
1705,蒙古,***
1706,蒙古立,***
1707,[,***
1708,d,***
1709,d恒,***
1710,w,***
1711,民,***
1712,民Mh,***
1713,民,***
1714,民意,***
1715,民,***
1716,民主,***
1717,,***
1718,,***
1719,,***
1720,摸你巴,***
1721,莫デ,***
1722,木子,***
1723,妊,***
1724,纫,***
1725,那B,***
1726,那岜,***
1727,那徨e比,***
1728,那崂媳,***
1729,那嵛帘,***
1730,那娘e比,***
1731,{粹,***
1732,奶^,***
1733,南大自由,***
1734,南U子,***
1735,[事,***
1736,能,***
1737,尼W夫,***
1738,倪育t,***
1739,F,***
1740,你,***
1741,你逼,***
1742,你比,***
1743,你的,***
1744,你了妹,***
1745,你f我f,***
1746,你,***
1747,娘I比,***
1748,捏你巴,***
1749,z著n,***
1750,z著卵,***
1751,奴`魔族士兵,***
1752,女,***
1753,女主人_姬R莉,***
1754,,***
1755,Z姆,***
1756,潘平,***
1757,,***
1758,建,***
1759,泡沫,***
1760,\,***
1761,你,***
1762,皮l客,***
1763,`,***
1764,,***
1765,D,***
1766,R墨,***
1767,RZ,***
1768,T你,***
1769,,***
1770,L,***
1771,j,***
1772,X_,***
1773,X梁,***
1774,X其琛,***
1775,d,***
1776,,***
1777,,***
1778,R,***
1779,淌,***
1780,桃,***
1781,蚯忠u兵,***
1782,S,***
1783,X,***
1784,D,***
1785,H美,***
1786,H民h,***
1787,H日,***
1788,J本立,***
1789,禽F,***
1790,w,***
1791,p舟快,***
1792,情D,***
1793,情F,***
1794,,***
1795,ct,***
1796,丘垂,***
1797,x,***
1798,去你的,***
1799,,***
1800,全,***
1801,全人大,***
1802,犬,***
1803,J,***
1804,瘸腿,***
1805,,***
1806,你操,***
1807,岜I,***
1808,嵴菊W,***
1809,人民,***
1810,人民大堂,***
1811,人民惹檎嫦,***
1812,人民真,***
1813,人民之,***
1814,人,***
1815,日本帝,***
1816,日,***
1817,日韧呓鹑,***
1818,日你,***
1819,日你,***
1820,日朱E,***
1821,,***
1822,乳^,***
1823,乳,***
1824,瑞士金融大W,***
1825,__姆,***
1826,三Kh,***
1827,三代表,***
1828,三片,***
1829,三去龉ち,***
1830,㈢,***
1831,,***
1832,R,***
1833,}B,***
1834,}棒,***
1835,}包,***
1836,}逼,***
1837,}棍,***
1838,},***
1839,},***
1840,}卵,***
1841,⒛闳家,***
1842,⒛阋患,***
1843,⑷朔,***
1844,傻B,***
1845,煞P,***
1846,山口M,***
1847,善河,***
1848,上L,***
1849,上海,***
1850,上海孤涸,***
1851,,***
1852,社主x,***
1853,射了f要,***
1854,,***
1855,,***
1856,神病,***
1857,,***
1858,生孩子]屁眼,***
1859,生命分流的Dv,***
1860,,***
1861,}射手,***
1862,},***
1863,盛A仁,***
1864,窳诉f不要,***
1865,窳诉f要,***
1866,,***
1867,X,***
1868,㈩,***
1869,石化Dv,***
1870,石拳痿Y兵,***
1871,r代,***
1872,r事,***
1873,,***
1874,史R姆,***
1875,史R姆王,***
1876,士兵管理T瓦臣,***
1877,世界,***
1878,事立,***
1879,侍呢赫特,***
1880,侍斯f,***
1881,B,***
1882,d,***
1883,中,***
1884,p十,***
1885,氵去龉ち,***
1886,氵去龉ち?,***
1887,力,***
1888,司R晋,***
1889,司R璐,***
1890,司徒A,***
1891,私?服,***
1892,私,***
1893,思科_,***
1894,斯Z,***
1895,斯皮德,***
1896,四川,***
1897,四川立,***
1898,四人,***
1899,㈣,***
1900,宋元,***
1901,,***
1902,K菲,***
1903,K拉,***
1904,K南成,***
1905,KB智,***
1906,K特勒守o兵,***
1907,K特勤,***
1908,K特勤ol兵,***
1909,K特勤魔法,***
1910,K钥,***
1911,K盈F,***
1912,K昌,***
1913,r,***
1914,碎片u造商人R克,***
1915,碎片u造商人K克,***
1916,O大千,***
1917,O中山,***
1918,他,***
1919,他的,***
1920,他岬,***
1921,他母H,***
1922,塔,***
1923,塔,***
1924,,***
1925,Y,***
1926,_盟,***
1927,_车,***
1928,_唱立,***
1929,_唱,***
1930,_彻伯bh,***
1931,_彻,***
1932,_辰\咏M,***
1933,_趁,***
1934,_城嗄戟立盟,***
1935,_痴^,***
1936,_匙杂陕盟,***
1937,T,***
1938,太O,***
1939,泰奴蚓l兵,***
1940,泰奴蚵Z者,***
1941,光中,***
1942,唐柏,***
1943,,***
1944,`,***
1945,天安T,***
1946,天安T影,***
1947,天安T事件,***
1948,天安T屠,***
1949,天安T一代,***
1950,天,***
1951,田o,***
1952,f,***
1953,,***
1954,,***
1955,庭院警l兵,***
1956,y,***
1957,y,***
1958,y,***
1959,^IWR,***
1960,^I墓管理T,***
1961,D管理T卡特,***
1962,屠,***
1963,FL戈登,***
1964,FTR汀,***
1965,,***
1966,,***
1967,X,***
1968,e,***
1969,外交,***
1970,外交c方略,***
1971,晚年周恩,***
1972,U,***
1973,f里,***
1974,f南,***
1975,fSx者,***
1976,f|,***
1977,王森,***
1978,王超A,***
1979,王o臣,***
1980,王,***
1981,王涵f,***
1982,王,***
1983,王,***
1984,王啡,***
1985,王生,***
1986,王世,***
1987,王世,***
1988,王秀,***
1989,王兆,***
1990,WU,***
1991,W特,***
1992,猥C,***
1993,n,***
1994,B,***
1995,乇,***
1996,乇,***
1997,丶,***
1998,卦P,***
1999,,***
2000,o界g[器,***
2001,前僖,***
2002,嵌亓x,***
2003,欠匠,***
2004,呛脒_,***
2005,呛赀_,***
2006,侨嗜A,***
2007,鞘缯,***
2008,WN,***
2009,W璨,***
2010,怯升,***
2011,侵痉,***
2012,西藏,***
2013,吸收的Dv,***
2014,吸血F,***
2015,,***
2016,洗X,***
2017,系y,***
2018,系y公告,***
2019,q,***
2020,S,***
2021,下v,***
2022,下w,***
2023,W,***
2024,],***
2025,r族,***
2026,,***
2027,,***
2028,s,***
2029,F金,***
2030,F金交易,***
2031,I祭的Dv,***
2032,,***
2033,颜\,***
2034,小吉,***
2035,^,***
2036,小B,***
2037,小比,***
2038,小⒖,***
2039,小,***
2040,小`通,***
2041,小泉一郎,***
2042,xL廷,***
2043,x深山,***
2044,xxE,***
2045,x中之,***
2046,辛年,***
2047,新^察,***
2048,新Ae,***
2049,新A惹,***
2050,新A通,***
2051,新疆,***
2052,新生W,***
2053,新手I,***
2054,新出版署,***
2055,新封i,***
2056,新x安,***
2057,新Zz,***
2058,信用危C,***
2059,邢P,***
2060,性,***
2061,性o能,***
2062,修,***
2063,,***
2064,弱Dv,***
2065,o的食者,***
2066,徐舅,***
2067,S利,***
2068,S家屯,***
2069,S信良,***
2070,X,***
2071,薛,***
2072,W潮,***
2073,W,***
2074,W\,***
2075,W自,***
2076,,***
2077,狗,***
2078,,***
2079,兰移,***
2080,兰异,***
2081,明},***
2082,清,***
2083,c章,***
2084,射,***
2085,,***
2086,央炔客,***
2087,具,***
2088,痿,***
2089,物,***
2090,寻,***
2091,罱利,***
2092,钗,***
2093,钤虑,***
2094,钪,***
2095,姚_,***
2096,姚月t,***
2097,U,***
2098,u^丸,***
2099,材商人K耐得,***
2100,水,***
2101,耶d,***
2102,野,***
2103,~菊m,***
2104,夜紫禁城,***
2105,一陀S,***
2106,㈠,***
2107,伊莎,***
2108,伊斯m,***
2109,伊斯m格林尼斯,***
2110,z精,***
2111,hL阿茵斯塔,***
2112,hT斯格文德,***
2113,异人士,***
2114,异型叛,***
2115,异h人士,***
2116,易丹,***
2117,意志不缘Dv,***
2118,,***
2119,部,***
2120,唇,***
2121,道,***
2122,蒂,***
2123,,***
2124,o,***
2125,精,***
2126,毛,***
2127,T,***
2128,囊,***
2129,水,***
2130,淫,***
2131,淫x,***
2132,淫,***
2133,淫v,***
2134,尹c民,***
2135,引,***
2136,[者之路,***
2137,眼派氏族,***
2138,硬直Dv,***
2139,nd的艾拉,***
2140,尤比,***
2141,由喜F,***
2142,游的僵尸,***
2143,游的士兵,***
2144,游爪牙,***
2145,游a坤,***
2146,游蚬芾T,***
2147,友好的德,***
2148,幼X,***
2149,幼,***
2150,于幼,***
2151,余英r,***
2152,O夫菲斯曼,***
2153,,***
2154,反制,***
2155,,***
2156,宇明W,***
2157,r,***
2158,,***
2159,O,***
2160,元老m提(沃德）,***
2161,AM,***
2162,圈圈,***
2163,h志明,***
2164,月,***
2165,y,***
2166,sN,***
2167,Y,***
2168,造,***
2169,t民,***
2170,衩,***
2171,煞,***
2172,擅,***
2173,,***
2174,\民,***
2175,P,***
2176,扎卡S是英雄,***
2177,,***
2178,伯笠,***
2179,博雅,***
2180,,***
2181,健,***
2182,林,***
2183,清芳,***
2184,,***
2185,佞,***
2186,昭富,***
2187,志清,***
2188,章孝,***
2189,ぬ,***
2190,~,***
2191,招,***
2192,w海青,***
2193,w建,***
2194,w南,***
2195,w品潞,***
2196,w晕,***
2197,w紫,***
2198,操,***
2199,,***
2200,Q,***
2201,正W,***
2202,正xh,***
2203,I,***
2204,清,***
2205,文,***
2206,x,***
2207,N,***
2208,源,***
2209,\i,***
2210,政,***
2211,政治反ε,***
2212,{,***
2213,U,***
2214,指c江山,***
2215,s,***
2216,z,***
2217,W,***
2218,中毒的Dv,***
2219,中毒Dv,***
2220,中俄界,***
2221,中团d,***
2222,中共bh,***
2223,中孤涸,***
2224,中和平,***
2225,中,***
2226,中社M步h,***
2227,中社,***
2228,中威{,***
2229,中},***
2230,中移油ㄐ,***
2231,中真热,***
2232,中之春,***
2233,中猪,***
2234,中A大地,***
2235,中A大\,***
2236,中Av清,***
2237,中A民,***
2238,中A人民f,***
2239,中A人民正邪,***
2240,中Ar事,***
2241,中AB生益智功,***
2242,中A真蟮,***
2243,中央_,***
2244,山L雨,***
2245,周hi,***
2246,周守,***
2247,朱P芝,***
2248,朱立,***
2249,朱溶,***
2250,Z,***
2251,猪@畸,***
2252,主攻指]官,***
2253,主x,***
2254,助手威特,***
2255,Ｖ,***
2256,,***
2257,D化,***
2258,,***
2259,Y本主x,***
2260,,***
2261,子m,***
2262,自民h,***
2263,自由民主,***
2264,理,***
2265,,***
2266,O,***
2267,g,***
2268,y,***
2269,作,***
2270,做,***
2271,bcd.s.59764.com,***
2272,kkk.xaoh.cn,***
2273,www.xaoh.cn,***
2274,zzz.xaoh.cn,***
2275,aa.yazhousetu.hi.9705.net.cn,***
2276,eee.xaoh.cn,***
2277,lll.xaoh.cn,***
2278,jj.pangfangwuyuetian.hi.9705.net.cn,***
2279,rrr.xaoh.cn,***
2280,ooo.xaoh.cn,***
2281,www.zy528.com,***
2282,aaad.s.59764.com,***
2283,www.dy6789.cn,***
2284,aaac.s.51524.com,***
2285,208.43.198.56,***
2286,166578.cn,***
2287,www.wang567.com,***
2288,www.bin5.cn,***
2289,www.sanjidianying.com.cn,***
2290,www.anule.cn,***
2291,%77%77%77%2E%39%37%38%38%30%38%2E%63%6F%6D,***
2292,www.976543.com,***
2293,www.50spcombaidu1828adyou97sace.co.cc,***
2294,chengrenmanhua.1242.net.cn,***
2295,qingsewuyuetian.1174.net.cn,***
2296,lunlidianyingxiazai.1174.net.cn,***
2297,siwameitui.1274.net.cn,***
2298,niuniujidi.1174.net.cn,***
2299,xiao77.1243.net.cn,***
2300,woyinwose.1243.net.cn,***
2301,dingxiang.1249.net,***
2302,cnaicheng.1174.net.cn,***
2303,1234chengren.1249.net.cn,***
2304,sewuyuetian.1174.net.cn,***
2305,huangsexiaoshuo.1242.net.cn,***
2306,lunlidianying.1274.net.cn,***
2307,xingqingzhongren.1174.net.cn,***
2308,chengrenwangzhi.1242.net.cn,***
2309,xiao77luntan.1249.net.cn,***
2310,dingxiang.1243.net.cn,***
2311,11xp.1243.net.cn,***
2312,baijie.1249.net.cn,***
2313,sewuyuetian.1274.net.cn,***
2314,meiguiqingren.1274.net.cn,***
2315,tb.hi.4024.net.cn,***
2316,www.91wangyou.com,***
2317,www.wow366.cn,***
2318,www.yxnpc.com,***
2319,www.365jw.com,***
2320,58.253.67.74,***
2321,www.978808.com,***
2322,www.sexwyt.com,***
2323,7GG,***
2324,www.567yx.com,***
2325,131.com,***
2326,bbs.7gg.cn,***
2327,www.99game.net,***
2328,ppt.cc,***
2329,www.zsyxhd.cn,***
2330,www.foyeye.com,***
2331,www.23nice.com.cn,***
2332,www.maituan.com,***
2333,www.ylteam.cn,***
2334,www.yhzt.org,***
2335,vip886.com,***
2336,www.neicehao.cn,***
2337,bbs.butcn.com,***
2338,www.gamelifeclub.cn,***
2339,consignment5173,***
2340,www.70yx.com,***
2341,www.legu.com,***
2342,ko180,***
2343,bbs.pkmmo,***
2344,whoyo.com,***
2345,www.2q5q.com,***
2346,www.zxkaku.cn,***
2347,www.gw17173.cn,***
2348,www.315ts.net,***
2349,qgqm.org,***
2350,17173dl.net,***
2351,i9game.com,***
2352,365gn,***
2353,158le.com,***
2354,1100y.com,***
2355,bulaoge.com,***
2356,17youle.com,***
2357,reddidi.com.cn,***
2358,icpcn.com,***
2359,ul86.com,***
2360,showka8.com,***
2361,szlmgh.cn,***
2362,bbs.766.com,***
2363,www.766.com,***
2364,91bysd.cn,***
2365,jiayyou.cn,***
2366,gigabyte.cn,***
2367,duowan,***
2368,wgxiaowu.com,***
2369,youxiji888.cn,***
2370,yz55.cn,***
2371,Carrefour,***
2372,51jiafen.cn,***
2373,597ft.com,***
2374,itnongzhuang.com2y7v.cnhwxvote.cn,***
2375,92klgh.cn,***
2376,xiaoqinzaixian.cn,***
2377,661661.com,***
2378,haosilu.com,***
2379,dl.com,***
2380,xl517.com,***
2381,sjlike.com,***
2382,tont.cn,***
2383,xq-wl.cn,***
2384,feitengdl.com,***
2385,bz176.com,***
2386,dadati.com,***
2387,asgardcn.com,***
2388,dolbbs.com,***
2389,okaygood.cn,***
2390,1t1t.com,***
2391,jinpaopao.com,***
2392,blacksee.com.cn,***
2393,1qmsj.com,***
2394,202333.com,***
2395,luoxialu.cn,***
2396,37447.cn,***
2397,567567aa.cn,***
2398,09city.com,***
2399,71ka.com,***
2400,fy371.com,***
2401,365tttyx.com,***
2402,host800.com,***
2403,lybbs.info,***
2404,ys168.com,***
2405,88mysf.com,***
2406,5d6d.com,***
2407,id666.uqc.cn,***
2408,stlmbbs.cn,***
2409,pcikchina.com,***
2410,lxsm888.com,***
2411,wangyoudl.com,***
2412,chinavfx.net,***
2413,zxsj188.com,***
2414,wg7766.cn,***
2415,e7sw.cn,***
2416,jooplay.com,***
2417,gssmtt.com,***
2418,likeko.com,***
2419,tlyx-game.cn,***
2420,wy33.com,***
2421,zy666.net,***
2422,newsmth.net,***
2423,l2jsom.cn,***
2424,13888wg.com,***
2425,qtoy.com,***
2426,1000scarf.com,***
2427,digitallongking.com,***
2428,zaixu.net,***
2429,ncyh.cn,***
2430,888895.com,***
2431,ising99.com,***
2432,pcikcatv.2om,***
2433,parke888.com,***
2434,01gh.com,***
2435,gogo.net,***
2436,uu1001.com,***
2437,wy724.com,***
2438,prettyirene.net,***
2439,yaokong7.com,***
2440,zzmysf.com,***
2441,52sxhy.cn,***
2442,92wydl.com,***
2443,g365.net,***
2444,pkmmo.com,***
2445,52ppsa.cn,***
2446,bl62.com,***
2447,canyaa.com,***
2448,lordren.com,***
2449,xya3.cn,***
2450,5m5m5m.com,***
2451,www.gardcn.com,***
2452,www.sf766.com.cn,***
2453,ent365.com,***
2454,18900.com,***
2455,7mmo.com,***
2456,cdream.com,***
2457,wy3868.com,***
2458,nbfib.cn,***
2459,17173yxdl.cn,***
2460,luosisa.cn,***
2461,haouse.cn,***
2462,54hero.com,***
2463,ieboy.cn,***
2464,geocities.com,***
2465,xiuau.cn,***
2466,cvceo.com,***
2467,fxjsqc.com,***
2468,thec.cn,***
2469,c5c8.cn,***
2470,a33.com,***
2471,qqsg.org,***
2472,my3q.com,***
2473,51juezhan.com,***
2474,kartt.cn,***
2475,hexun.com,***
2476,15wy.com,***
2477,13ml.net,***
2478,homexf.cn,***
2479,xyxgh.com,***
2480,jdyou.com,***
2481,langyou.info,***
2482,duowan.com,***
2483,8188mu.com,***
2484,tianlong4f.cn,***
2485,yeswm.com,***
2486,wgbobo.cn,***
2487,haog8.cn,***
2488,47513.cn,***
2489,92ey.com,***
2490,hao1788.co,***
2491,mgjzybj.com,***
2492,xdns.eu,***
2493,shenycs.co,***
2494,mpceggs.cn,***
2495,kod920.cn,***
2496,njgamecollege.org,***
2497,51hdw.com,***
2498,025game.cn,***
2499,bibidu.com,***
2500,bwowd.com,***
2501,3kwow.com,***
2502,zx002.com,***
2503,bazhuwg.cn,***
2504,991game.com,***
2505,zuanshi1000.cn,***
2506,10mb.cn,***
2507,Huihuangtx.com,***
2508,chongxianmu.cn,***
2509,any2000.com,***
2510,99sa.com,***
2511,zhidian8.com,***
2512,t9wg.cn,***
2513,bobaoping,***
2514,qixingnet.com,***
2515,88kx.com,***
2516,00sm.cn,***
2517,moyi520.cn,***
2518,id666.com,***
2519,fisonet.com,***
2520,0571qq.com,***
2521,173at.com,***
2522,pk200.com,***
2523,2feiche.cn,***
2524,jjdlw.com,***
2525,xyq2sf.com,***
2526,69nb.com,***
2527,txwsWind,***
2528,jiayyou.com,***
2529,忘仙,***
2530,神仙道,***
2531,烈火战神,***
2532,神战,***
2533,悍将三国,***
2534,永生门,***
2535,大掌门,***
2536,调教三国,***
2537,帝王三国,***
2538,战国乱世,***
2539,秦美人,***
2540,神曲,***
2541,龙回三国,***
2542,暗黑三国,***
2543,大侠传,***
2544,龙将,***
2545,龙将2,***
2546,将神,***
2547,部落守卫战,***
2548,部落战争,***
2549,黎明之光,***
2550,苍空,***
2551,倚天,***
2552,热血海贼王,***
2553,大话神仙,***
2554,大将军,***
2555,乱世诛魔,***
2556,仙游传,***
2557,仙侠问道,***
2558,名将传奇,***
2559,暮光,***
2560,侠武英雄传,***
2561,空中大灌篮,***
2562,神煌,***
2563,星座传说,***
2564,佣兵天下,***
2565,三国物语,***
2566,七雄争霸,***
2567,卧龙吟,***
2568,傲视天地,***
2569,王朝霸域,***
2570,热血三国2,***
2571,一骑当先,***
2572,小小忍者,***
2573,乱世天下,***
2574,火影世界,***
2575,小小海贼王,***
2576,侠物语,***
2577,楚河汉界,***
2578,楚汉问鼎,***
2579,天诛Ol,***
2580,世界Ol,***
2581,上古世界,***
2582,君王II,***
2583,浩劫,***
2584,忘仙OL,***
2585,英雄战魂,***
2586,神将传奇,***
2587,圣域之战,***
2588,时空猎人,***
2589,王者之剑,***
2590,武侠OL,***
2591,QQ御剑天涯,***
2592,御剑天涯,***
2593,混沌与秩序,***
2594,钓鱼岛,***
2595,尖阁列岛,***
2596,尖w列u,***
2597,阿扁推翻,***
2598,阿宾,***
2599,阿e,***
2600,挨了一炮,***
2601,爱液横流,***
2602,安街逆,***
2603,安局办公楼,***
2604,安局豪华,***
2605,安门事,***
2606,安眠,***
2607,案的准确,***
2608,八九民,***
2609,八九学,***
2610,八九政治,***
2611,把病人整,***
2612,把邓小平,***
2613,把学生整,***
2614,罢工门,***
2615,白黄牙签,***
2616,败培训,***
2617,办本科,***
2618,办理本科,***
2619,办理各种,***
2620,办理票据,***
2621,办理文凭,***
2622,办理真实,***
2623,办理证书,***
2624,办理资格,***
2625,办文凭,***
2626,办怔,***
2627,办证,***
2628,半刺刀,***
2629,k毕业,***
2630,kC,***
2631,谤罪获刑,***
2632,磅解码器,***
2633,磅遥控器,***
2634,宝在甘肃修,***
2635,保过答案,***
2636,报复执法,***
2637,爆发骚,***
2638,北省委门,***
2639,被打死,***
2640,被指抄袭,***
2641,被中共,***
2642,本公司担,***
2643,本无码,***
2644,毕业C,***
2645,变牌绝,***
2646,辩词与梦,***
2647,冰火毒,***
2648,冰火佳,***
2649,冰火九重,***
2650,冰火漫,***
2651,冰淫传,***
2652,冰在火上,***
2653,波推龙,***
2654,博彩娱,***
2655,博会暂停,***
2656,博园区伪,***
2657,不查都,***
2658,不查全,***
2659,不思四化,***
2660,布卖淫女,***
2661,部忙组阁,***
2662,部是这样,***
2663,才知道只生,***
2664,财众科技,***
2665,采花堂,***
2666,踩踏事,***
2667,苍山兰,***
2668,苍蝇水,***
2669,藏春阁,***
2670,藏,***
2671,操了嫂,***
2672,操嫂子,***
2673,策没有不,***
2674,插屁屁,***
2675,察象蚂,***
2676,拆迁灭,***
2677,车牌隐,***
2678,成人电,***
2679,成人卡通,***
2680,成人聊,***
2681,成人片,***
2682,成人视,***
2683,成人图,***
2684,成人文,***
2685,成人小,***
2686,城管灭,***
2687,惩公安,***
2688,惩贪难,***
2689,充气娃,***
2690,冲凉死,***
2691,抽着大中,***
2692,抽着芙蓉,***
2693,出成绩付,***
2694,出售发票,***
2695,出售军,***
2696,穿透仪器,***
2697,春水横溢,***
2698,纯度白,***
2699,纯度黄,***
2700,次通过考,***
2701,催眠水,***
2702,催情粉,***
2703,催情,***
2704,挫仑,***
2705,达毕业证,***
2706,答案包,***
2707,答案提供,***
2708,打标语,***
2709,打错门,***
2710,打飞机专,***
2711,打死经过,***
2712,打死人,***
2713,打砸办公,***
2714,大鸡巴,***
2715,大u巴,***
2716,大纪元,***
2717,大揭露,***
2718,大奶子,***
2719,大批贪官,***
2720,大肉棒,***
2721,大嘴歌,***
2722,代办发票,***
2723,代办各,***
2724,代办文,***
2725,代办学,***
2726,代办制,***
2727,代k,***
2728,代表烦,***
2729,代_,***
2730,代考,***
2731,代理发票,***
2732,代理票据,***
2733,代您考,***
2734,代写毕,***
2735,代写论,***
2736,代孕,***
2737,贷办,***
2738,贷借款,***
2739,贷开,***
2740,戴海静,***
2741,当代七整,***
2742,当官要精,***
2743,当官在于,***
2744,党的官,***
2745,党后萎,***
2746,党前干劲,***
2747,刀架保安,***
2748,导的情人,***
2749,导叫失,***
2750,导人的最,***
2751,导人最,***
2752,导小商,***
2753,到花心,***
2754,得财兼,***
2755,的同修,***
2756,灯草和,***
2757,等级C,***
2758,等屁民,***
2759,等人老百,***
2760,等人是老,***
2761,等人手术,***
2762,邓爷爷转,***
2763,邓玉娇,***
2764,地产之歌,***
2765,地下先烈,***
2766,地震哥,***
2767,帝国之梦,***
2768,递纸死,***
2769,点数优惠,***
2770,电狗,***
2771,电话监,***
2772,电鸡,***
2773,甸果敢,***
2774,蝶舞按,***
2775,丁香社,***
2776,丁子霖,***
2777,顶花心,***
2778,东北独立,***
2779,东复活,***
2780,东京热,***
2781,|京,***
2782,洞小口紧,***
2783,都当警,***
2784,都当小姐,***
2785,都进中央,***
2786,毒蛇钻,***
2787,独立台湾,***
2788,赌球网,***
2789,短信截,***
2790,对日强硬,***
2791,多美康,***
2792,躲猫猫,***
2793,俄_斯,***
2794,恶势力操,***
2795,恶势力插,***
2796,恩氟烷,***
2797,儿园惨,***
2798,儿园砍,***
2799,儿园杀,***
2800,儿园凶,***
2801,二奶大,***
2802,发牌绝,***
2803,发票出,***
2804,发票代,***
2805,发票销,***
2806,l票,***
2807,法车仑,***
2808,法伦功,***
2809,法轮佛,***
2810,法维权,***
2811,法一轮,***
2812,法院给废,***
2813,法正乾,***
2814,反测速雷,***
2815,反雷达测,***
2816,反屏蔽,***
2817,范燕琼,***
2818,方迷香,***
2819,防电子眼,***
2820,防身药水,***
2821,房贷给废,***
2822,仿真枪,***
2823,仿真证,***
2824,诽谤罪,***
2825,费私服,***
2826,封锁消,***
2827,佛同修,***
2828,夫妻交换,***
2829,福尔马林,***
2830,福娃的A,***
2831,福娃^上,***
2832,福香巴,***
2833,府包庇,***
2834,府集中领,***
2835,妇销魂,***
2836,附送枪,***
2837,复印件生,***
2838,复印件制,***
2839,富民穷,***
2840,富婆给废,***
2841,改号软件,***
2842,感扑克,***
2843,冈本真,***
2844,肛门是邻,***
2845,本真,***
2846,钢针狗,***
2847,钢珠枪,***
2848,港澳博球,***
2849,港R,***
2850,港鑫A,***
2851,高就在政,***
2852,高考黑,***
2853,高莺莺,***
2854,搞媛交,***
2855,告长期,***
2856,告洋状,***
2857,格证考试,***
2858,各类考试,***
2859,各类文凭,***
2860,跟踪器,***
2861,工程吞得,***
2862,工力人,***
2863,公安错打,***
2864,公安网监,***
2865,公开小姐,***
2866,攻官小姐,***
2867,共狗,***
2868,共王储,***
2869,狗粮,***
2870,狗屁专家,***
2871,鼓动一些,***
2872,乖乖粉,***
2873,官商勾,***
2874,官也不容,***
2875,官因发帖,***
2876,光学真题,***
2877,跪真相,***
2878,滚圆大乳,***
2879,国际投注,***
2880,国家妓,***
2881,国家软弱,***
2882,国家吞得,***
2883,国库折,***
2884,国一九五七,***
2885,让,***
2886,哈药直销,***
2887,海访民,***
2888,豪圈钱,***
2889,号屏蔽器,***
2890,和狗交,***
2891,和狗性,***
2892,和狗做,***
2893,黑火药的,***
2894,红色恐怖,***
2895,红外透视,***
2896,t色恐,***
2897,胡江内斗,***
2898,胡紧套,***
2899,胡\,***
2900,胡适眼,***
2901,湖淫娘,***
2902,虎头猎,***
2903,华国锋,***
2904,华门开,***
2905,化学扫盲,***
2906,划老公,***
2907,还会吹萧,***
2908,还看锦涛,***
2909,环球证件,***
2910,皇冠投注,***
2911,黄冰,***
2912,浑圆豪乳,***
2913,活不起,***
2914,火车也疯,***
2915,机定位器,***
2916,机号定,***
2917,机号卫,***
2918,机卡密,***
2919,机屏蔽器,***
2920,基本靠吼,***
2921,绩过后付,***
2922,激情电,***
2923,激情短,***
2924,激情妹,***
2925,激情炮,***
2926,级办理,***
2927,级答案,***
2928,急需嫖,***
2929,集体打砸,***
2930,集体腐,***
2931,挤乳汁,***
2932,D乳汁,***
2933,佳静安定,***
2934,家一样饱,***
2935,家属被打,***
2936,甲虫跳,***
2937,甲流了,***
2938,奸成瘾,***
2939,兼职上门,***
2940,监听器,***
2941,监听王,***
2942,简易炸,***
2943,江胡内斗,***
2944,江太上,***
2945,江系人,***
2946,江贼民,***
2947,疆,***
2948,蒋彦永,***
2949,叫自慰,***
2950,揭贪难,***
2951,姐包夜,***
2952,姐服务,***
2953,姐兼职,***
2954,姐上门,***
2955,金扎金,***
2956,金钟气,***
2957,津大地震,***
2958,津地震,***
2959,进来的罪,***
2960,京地震,***
2961,京要地震,***
2962,经典谎言,***
2963,精子射在,***
2964,警察被,***
2965,警察的幌,***
2966,警察殴打,***
2967,警察说保,***
2968,警车雷达,***
2969,警方包庇,***
2970,警用品,***
2971,径步枪,***
2972,敬请忍,***
2973,究生答案,***
2974,九龙论坛,***
2975,九评共,***
2976,酒象喝汤,***
2977,酒像喝汤,***
2978,就爱插,***
2979,就要色,***
2980,举国体,***
2981,巨乳,***
2982,据说全民,***
2983,绝食声,***
2984,军长发威,***
2985,军刺,***
2986,军品特,***
2987,军用手,***
2988,开邓选,***
2989,开锁工具,***
2990,_a,***
2991,_票,***
2992,砍杀幼,***
2993,砍伤儿,***
2994,康没有不,***
2995,康跳楼,***
2996,考答案,***
2997,考后付款,***
2998,考机构,***
2999,考考邓,***
3000,考联盟,***
3001,考前答,***
3002,考前答案,***
3003,考前付,***
3004,考设备,***
3005,考试包过,***
3006,考试保,***
3007,考试答案,***
3008,考试机构,***
3009,考试联盟,***
3010,考试枪,***
3011,考研考中,***
3012,考中答案,***
3013,磕彰,***
3014,克分析,***
3015,克千术,***
3016,克透视,***
3017,空和雅典,***
3018,孔摄像,***
3019,控诉世博,***
3020,控制媒,***
3021,口手枪,***
3022,骷髅死,***
3023,快速办,***
3024,矿难不公,***
3025,拉登说,***
3026,拉开水晶,***
3027,来福猎,***
3028,拦截器,***
3029,狼全部跪,***
3030,浪穴,***
3031,雷人女官,***
3032,类准确答,***
3033,黎阳平,***
3034,李咏曰,***
3035,理各种证,***
3036,理是影帝,***
3037,理证件,***
3038,理做帐报,***
3039,力骗中央,***
3040,力月西,***
3041,丽媛离,***
3042,利他林,***
3043,连发手,***
3044,M,***
3045,炼大法,***
3046,两岸才子,***
3047,两会代,***
3048,两会又三,***
3049,聊视频,***
3050,聊斋艳,***
3051,了件渔袍,***
3052,猎好帮手,***
3053,猎枪销,***
3054,猎,***
3055,C,***
3056,领土拿,***
3057,流血事,***
3058,六合彩,***
3059,六死,***
3060,六四事,***
3061,六月联盟,***
3062,龙湾事件,***
3063,隆手指,***
3064,陆封锁,***
3065,陆同修,***
3066,氯胺酮,***
3067,乱奸,***
3068,乱伦类,***
3069,乱伦小,***
3070,伦理大,***
3071,伦理电影,***
3072,伦理毛,***
3073,伦理片,***
3074,轮功,***
3075,轮手枪,***
3076,论文代,***
3077,罗斯小姐,***
3078,裸聊网,***
3079,裸舞视,***
3080,落霞缀,***
3081,麻古,***
3082,麻果配,***
3083,麻果丸,***
3084,麻将透,***
3085,麻醉狗,***
3086,麻醉枪,***
3087,麻醉,***
3088,麻醉,***
3089,蟆叫专家,***
3090,卖地财政,***
3091,卖发票,***
3092,卖银行卡,***
3093,卖自考,***
3094,漫步丝,***
3095,忙爱国,***
3096,猫眼工具,***
3097,毛一鲜,***
3098,媒体封锁,***
3099,每周一死,***
3100,美艳少妇,***
3101,妹按摩,***
3102,妹上门,***
3103,门按摩,***
3104,门保健,***
3105,T服,***
3106,氓培训,***
3107,蒙汗药,***
3108,迷幻型,***
3109,迷幻,***
3110,迷昏口,***
3111,迷昏药,***
3112,迷昏,***
3113,迷魂香,***
3114,迷魂药,***
3115,迷魂,***
3116,迷奸药,***
3117,迷情水,***
3118,迷情药,***
3119,迷,***
3120,谜奸药,***
3121,蜜穴,***
3122,灭绝罪,***
3123,民储害,***
3124,民九亿商,***
3125,民抗议,***
3126,铭记印尼,***
3127,摩小姐,***
3128,母乳家,***
3129,木齐针,***
3130,幕没有不,***
3131,幕前,***
3132,内射,***
3133,南充针,***
3134,嫩穴,***
3135,嫩阴,***
3136,泥马之歌,***
3137,你的西域,***
3138,拟涛哥,***
3139,娘两腿之间,***
3140,妞上门,***
3141,浓精,***
3142,怒的志愿,***
3143,女被人家搞,***
3144,女激情,***
3145,女技师,***
3146,女人和狗,***
3147,女任职名,***
3148,女上门,***
3149,女,***
3150,鸥之歌,***
3151,拍肩神药,***
3152,拍肩型,***
3153,牌分析,***
3154,牌技网,***
3155,炮的小蜜,***
3156,陪考枪,***
3157,配有消,***
3158,喷尿,***
3159,嫖俄罗,***
3160,嫖鸡,***
3161,平惨案,***
3162,平叫到床,***
3163,仆不怕饮,***
3164,普通嘌,***
3165,期货配,***
3166,奇迹的黄,***
3167,奇淫散,***
3168,骑单车出,***
3169,气狗,***
3170,气枪,***
3171,汽狗,***
3172,汽枪,***
3173,,***
3174,铅弹,***
3175,钱三字经,***
3176,枪出售,***
3177,枪的参,***
3178,枪的分,***
3179,枪的结,***
3180,枪的制,***
3181,枪货到,***
3182,枪决女犯,***
3183,枪决现场,***
3184,枪模,***
3185,枪手队,***
3186,枪手网,***
3187,枪销售,***
3188,枪械制,***
3189,枪子弹,***
3190,强权政府,***
3191,强硬发言,***
3192,抢其火炬,***
3193,切听器,***
3194,窃听器,***
3195,禽流感了,***
3196,勤捞致,***
3197,氢弹手,***
3198,清除负面,***
3199,清,***
3200,情聊天室,***
3201,情妹妹,***
3202,情视频,***
3203,情自拍,***
3204,氰化钾,***
3205,氰化钠,***
3206,请集会,***
3207,请示威,***
3208,请愿,***
3209,琼花问,***
3210,区的雷人,***
3211,娶韩国,***
3212,全真证,***
3213,群奸暴,***
3214,群起抗暴,***
3215,群体性事,***
3216,绕过封锁,***
3217,惹的国,***
3218,人权律,***
3219,人体艺,***
3220,人游行,***
3221,人在云上,***
3222,人真钱,***
3223,认牌绝,***
3224,任于斯国,***
3225,柔胸粉,***
3226,肉洞,***
3227,肉棍,***
3228,如厕死,***
3229,软弱的国,***
3230,赛后骚,***
3231,三挫,***
3232,三级片,***
3233,三秒倒,***
3234,三网友,***
3235,三唑,***
3236,骚妇,***
3237,骚浪,***
3238,骚穴,***
3239,骚嘴,***
3240,扫了爷爷,***
3241,色电影,***
3242,色妹妹,***
3243,色视频,***
3244,色小说,***
3245,杀指南,***
3246,山涉黑,***
3247,煽动不明,***
3248,煽动群众,***
3249,上门激,***
3250,烧公安局,***
3251,烧瓶的,***
3252,韶关斗,***
3253,韶关玩,***
3254,韶关旭,***
3255,射网枪,***
3256,涉嫌抄袭,***
3257,深喉冰,***
3258,神七假,***
3259,神韵艺术,***
3260,生被砍,***
3261,生踩踏,***
3262,生肖中特,***
3263,圣战不息,***
3264,盛行在舞,***
3265,尸博,***
3266,失身水,***
3267,失意药,***
3268,狮子旗,***
3269,十八等,***
3270,十大谎,***
3271,十大禁,***
3272,十个预言,***
3273,十类人不,***
3274,十七大幕,***
3275,实毕业证,***
3276,实体娃,***
3277,实学历文,***
3278,士康事件,***
3279,式粉推,***
3280,视解密,***
3281,是躲猫,***
3282,手变牌,***
3283,手答案,***
3284,手狗,***
3285,手机跟,***
3286,手机监,***
3287,手机窃,***
3288,手机追,***
3289,手拉鸡,***
3290,手木仓,***
3291,手,***
3292,守所死法,***
3293,兽交,***
3294,售步枪,***
3295,售纯度,***
3296,售单管,***
3297,售弹簧刀,***
3298,售防身,***
3299,售狗子,***
3300,售虎头,***
3301,售火药,***
3302,售假币,***
3303,售健卫,***
3304,售军用,***
3305,售猎枪,***
3306,售氯胺,***
3307,售麻醉,***
3308,售冒名,***
3309,售枪支,***
3310,售热武,***
3311,售三棱,***
3312,售手枪,***
3313,售五四,***
3314,售信用,***
3315,售一元硬,***
3316,售子弹,***
3317,售左轮,***
3318,书办理,***
3319,熟妇,***
3320,术牌具,***
3321,双管立,***
3322,双管平,***
3323,水阎王,***
3324,丝护士,***
3325,丝情侣,***
3326,丝袜保,***
3327,丝袜恋,***
3328,丝袜美,***
3329,丝袜妹,***
3330,丝袜网,***
3331,丝足按,***
3332,司长期有,***
3333,司法黑,***
3334,私房写真,***
3335,死法分布,***
3336,死要见毛,***
3337,四博会,***
3338,四大扯个,***
3339,四小码,***
3340,苏家屯集,***
3341,诉讼集团,***
3342,素女心,***
3343,速代办,***
3344,速取证,***
3345,酸羟亚胺,***
3346,蹋纳税,***
3347,太王四神,***
3348,泰兴幼,***
3349,泰兴镇中,***
3350,泰州幼,***
3351,贪官也辛,***
3352,探测狗,***
3353,涛共产,***
3354,涛一样胡,***
3355,特工资,***
3356,特码,***
3357,特上门,***
3358,体透视镜,***
3359,替考,***
3360,替人体,***
3361,天朝特,***
3362,天鹅之旅,***
3363,天推广歌,***
3364,田罢工,***
3365,田田桑,***
3366,田停工,***
3367,庭保养,***
3368,庭审直播,***
3369,通钢总经,***
3370,偷器,***
3371,偷肃贪,***
3372,偷听器,***
3373,偷偷贪,***
3374,头双管,***
3375,透视功能,***
3376,透视镜,***
3377,透视扑,***
3378,透视器,***
3379,透视眼镜,***
3380,透视药,***
3381,透视仪,***
3382,秃鹰汽,***
3383,突破封锁,***
3384,突破网路,***
3385,推油按,***
3386,脱衣艳,***
3387,瓦斯手,***
3388,袜按摩,***
3389,外透视镜,***
3390,外围赌球,***
3391,湾版假,***
3392,万能钥匙,***
3393,万人骚动,***
3394,王立军,***
3395,王益案,***
3396,网民案,***
3397,网民获刑,***
3398,网民诬,***
3399,微型摄像,***
3400,围攻警,***
3401,围攻上海,***
3402,维汉员,***
3403,维权基,***
3404,维权人,***
3405,维权谈,***
3406,委坐船,***
3407,谓的和谐,***
3408,温家堡,***
3409,温切斯特,***
3410,温影帝,***
3411,瘟加饱,***
3412,瘟假饱,***
3413,文凭证,***
3414,文强,***
3415,纹了毛,***
3416,闻被控制,***
3417,闻封锁,***
3418,瓮安,***
3419,我的西域,***
3420,我搞台独,***
3421,乌蝇水,***
3422,无耻语录,***
3423,无码专,***
3424,五套功,***
3425,五月天,***
3426,午夜电,***
3427,午夜极,***
3428,武警暴,***
3429,武警殴,***
3430,武警已增,***
3431,务员答案,***
3432,务员考试,***
3433,雾型迷,***
3434,西藏限,***
3435,西服进去,***
3436,希脏,***
3437,习进平,***
3438,习晋平,***
3439,席复活,***
3440,席临终前,***
3441,席指着护,***
3442,洗澡死,***
3443,喜贪赃,***
3444,先烈纷纷,***
3445,现大地震,***
3446,现金投注,***
3447,线透视镜,***
3448,限制言,***
3449,陷害案,***
3450,陷害罪,***
3451,相自首,***
3452,香港论坛,***
3453,香港马会,***
3454,香港一类,***
3455,香港总彩,***
3456,硝化甘,***
3457,校骚乱,***
3458,协晃悠,***
3459,写两会,***
3460,泄漏的内,***
3461,新建户,***
3462,新疆叛,***
3463,新疆限,***
3464,新金瓶,***
3465,新唐人,***
3466,信访专班,***
3467,信接收器,***
3468,兴中心幼,***
3469,星上门,***
3470,行长王益,***
3471,形透视镜,***
3472,型手枪,***
3473,姓忽悠,***
3474,幸运码,***
3475,性爱日,***
3476,性福情,***
3477,性感少,***
3478,性推广歌,***
3479,胸主席,***
3480,徐玉元,***
3481,学骚乱,***
3482,学位C,***
3483,W生妹,***
3484,丫与王益,***
3485,烟感器,***
3486,严晓玲,***
3487,言被劳教,***
3488,言论罪,***
3489,盐酸曲,***
3490,恙虫病,***
3491,姚明进去,***
3492,要人权,***
3493,要射精了,***
3494,要射了,***
3495,要泄了,***
3496,夜激情,***
3497,液体炸,***
3498,一小撮别,***
3499,遗情书,***
3500,蚁力神,***
3501,益关注组,***
3502,益受贿,***
3503,阴间来电,***
3504,淫魔舞,***
3505,淫情女,***
3506,淫肉,***
3507,淫}妹,***
3508,淫兽,***
3509,淫兽学,***
3510,隐形耳,***
3511,隐形喷剂,***
3512,应子弹,***
3513,婴儿命,***
3514,咏妓,***
3515,用手枪,***
3516,幽谷三,***
3517,游精佑,***
3518,有奶不一,***
3519,右转是政,***
3520,幼齿类,***
3521,娱乐透视,***
3522,愚民同,***
3523,愚民政,***
3524,与狗性,***
3525,玉蒲团,***
3526,育部女官,***
3527,冤民大,***
3528,鸳鸯洗,***
3529,园惨案,***
3530,园发生砍,***
3531,园砍杀,***
3532,园凶杀,***
3533,园血案,***
3534,原一九五七,***
3535,原装弹,***
3536,袁腾飞,***
3537,晕倒型,***
3538,韵徐娘,***
3539,遭便衣,***
3540,遭到警,***
3541,遭警察,***
3542,遭武警,***
3543,择油录,***
3544,曾道人,***
3545,炸弹教,***
3546,炸弹遥控,***
3547,炸广州,***
3548,炸立交,***
3549,炸药的制,***
3550,炸药配,***
3551,炸药制,***
3552,找枪手,***
3553,找援交,***
3554,找政法委副,***
3555,针刺案,***
3556,针刺伤,***
3557,针刺事,***
3558,针刺死,***
3559,侦探设备,***
3560,真钱斗地,***
3561,真钱投注,***
3562,真实文凭,***
3563,真实资格,***
3564,震惊一个民,***
3565,震其国土,***
3566,证到付款,***
3567,证件办,***
3568,证件集团,***
3569,证生成器,***
3570,证书办,***
3571,证一次性,***
3572,政府操,***
3573,政论区,***
3574,C件,***
3575,植物冰,***
3576,殖器护,***
3577,指纹考勤,***
3578,指纹膜,***
3579,指纹套,***
3580,至国家高,***
3581,志不愿跟,***
3582,制服诱,***
3583,制手枪,***
3584,制证定金,***
3585,制作证件,***
3586,中的班禅,***
3587,中共黑,***
3588,中国不强,***
3589,种公务员,***
3590,种学历证,***
3591,众像羔,***
3592,州惨案,***
3593,州大批贪,***
3594,州三箭,***
3595,宙最高法,***
3596,昼将近,***
3597,主席忏,***
3598,住英国房,***
3599,助考,***
3600,助考网,***
3601,专业办理,***
3602,专业代,***
3603,专业代写,***
3604,专业助,***
3605,转是政府,***
3606,赚钱资料,***
3607,装弹甲,***
3608,装枪套,***
3609,装消音,***
3610,着护士的胸,***
3611,着涛哥,***
3612,姿不对死,***
3613,资格C,***
3614,资料泄,***
3615,梓健特药,***
3616,字牌汽,***
3617,自己找枪,***
3618,自慰用,***
3619,自由圣,***
3620,自由亚,***
3621,总会美女,***
3622,足球玩法,***
3623,最牛公安,***
3624,醉钢枪,***
3625,醉迷药,***
3626,醉乙醚,***
3627,尊爵粉,***
3628,左转是政,***
3629,作弊器,***
3630,作各种证,***
3631,作硝化甘,***
3632,唑仑,***
3633,做爱小,***
3634,做原子弹,***
3635,做证件,***
